,0.002,0.004,0.008,0.016,0.03,0.06,0.125,0.25,0.5,1,2,4,8,16,32,64,128,256,512,Distributions,Observations,(T)ECOFF,Confidence interval
Escherichia coli,0,0,0,0,0,0,0,0,0,0,0,8,27,7,2,1,3,2,0,1,50,-,
Haemophilus influenzae,0,0,0,0,0,0,0,0,0,0,0,0,2,12,17,6,1,3,0,1,41,-,
Proteus mirabilis,0,0,0,0,0,0,0,0,0,0,1,2,13,9,0,0,0,0,0,1,25,-,
Staphylococcus aureus,0,0,0,0,0,0,0,0,0,0,20,3,4,0,0,0,5,8,0,1,40,-,
Staphylococcus coagulase negative,0,0,0,0,0,0,0,1,2,10,5,15,2,3,0,1,0,1,0,1,40,-,
Staphylococcus saprophyticus,0,0,0,0,0,0,0,0,0,0,9,9,0,0,0,0,0,0,0,1,18,-,
Streptococcus pneumoniae,0,0,0,0,0,0,0,0,0,19,2,5,0,0,0,5,4,0,0,1,35,-,
Streptococcus pyogenes,0,0,0,0,0,0,27,1,0,0,0,0,0,0,0,0,0,0,0,1,28,-,
"Streptococcus, viridans group",0,0,0,0,0,0,0,0,1,3,9,5,5,0,0,0,1,0,0,1,24,-,