,0.002,0.004,0.008,0.016,0.03,0.06,0.125,0.25,0.5,1,2,4,8,16,32,64,128,256,512,Distributions,Observations,(T)ECOFF,Confidence interval
Enterococcus faecium,0,0,0,0,0,0,0,0,1,5,21,35,34,2,0,0,277,0,0,2,375,-,
Mannheimia haemolytica,0,0,0,0,0,0,0,0,1,0,0,1,2,4,77,85,0,0,0,6,170,ID,
Pasteurella multocida,0,0,0,0,0,0,0,0,0,0,1,1,1,19,65,47,0,0,0,3,134,ID,
Staphylococcus hyicus,0,0,0,0,0,0,0,0,7,44,16,3,0,1,0,4,0,0,0,3,75,-4,1.000 - 8.000
Staphylococcus pseudintermedius,0,0,0,0,0,0,0,4,81,113,1,0,0,1,1,224,0,0,0,9,425,2,0.500 - 2.000